SAMPL6_Microstate_ID,2.0,2.1,2.2,2.3,2.4,2.5,2.6,2.7,2.8,2.9,3.0,3.1,3.2,3.3,3.4000000000000004,3.5,3.6,3.7,3.8,3.9000000000000004,4.0,4.1,4.2,4.300000000000001,4.4,4.5,4.6,4.7,4.800000000000001,4.9,5.0,5.1,5.2,5.300000000000001,5.4,5.5,5.6,5.7,5.800000000000001,5.9,6.0,6.1000000000000005,6.2,6.3,6.4,6.5,6.6000000000000005,6.7,6.800000000000001,6.9,7.0,7.1000000000000005,7.2,7.300000000000001,7.4,7.5,7.6000000000000005,7.7,7.800000000000001,7.9,8.0,8.100000000000001,8.2,8.3,8.4,8.5,8.600000000000001,8.7,8.8,8.9,9.0,9.100000000000001,9.2,9.3,9.4,9.5,9.600000000000001,9.7,9.8,9.9,10.0,10.1,10.200000000000001,10.3,10.4,10.5,10.6,10.700000000000001,10.8,10.9,11.0,11.1,11.200000000000001,11.3,11.4,11.5,11.600000000000001,11.700000000000001,11.8,11.9,12.0
SM01_micro004,,,,,,,,,,,,,,,,,,,,,,,,,,,,,,,,,,,,,,,,,,,,,,,,,,,,,,-4.480621627872657,-4.238083741133929,-3.996389757967709,-3.755877239802999,-3.516546186639801,-3.27907172133612,-3.0439601860354606,-2.811380361452324,-2.58234493187372,-2.3573602394431536,-2.1377765298766365,-1.924268926032175,-1.7185252350547855,-1.5215581412314763,-1.3348866709927616,-1.1598610700546539,-0.9978315841331654,-0.8499796782298076,-0.7166429137735827,-0.5984964136224975,-0.49520261634754864,-0.4064239605197332,-0.33081020042303866,-0.2675174324849573,-0.21502663027497515,-0.1719875480770798,-0.13688115946075732,-0.10869478013899841,-0.08590938368128911,-0.06784984722962323,-0.05350348649699145,-0.04202639791088603,-0.033081020042303864,-0.02599223003323875,-0.02042246645468759,-0.01586538716314573,-0.012489772873114724,-0.009789281441089918,,,,,,,,,,
SM01_micro005,,,,,,,,,,,0.0,0.0,0.0,0.0,0.0,0.0,0.0,0.0,0.0,0.0,0.0,0.0,0.0,0.0,0.0,0.0,0.0,0.0,0.0,0.0,0.0,0.0,0.0,0.0,0.0,0.0,0.0,0.0,0.0,-0.0003375614290031007,-0.000506342143504651,-0.0006751228580062014,-0.0008439035725077517,-0.001012684287009302,-0.0011814650015108522,-0.001519026430513953,-0.002025368574018604,-0.0027004914320248054,-0.003375614290031007,-0.004219517862538758,-0.005400982864049611,-0.006920009294563564,-0.008945377868582167,-0.011308307871603872,-0.014515141447133329,-0.018565878595170535,-0.023629300030217047,-0.03021174789577751,-0.038313222191851924,-0.048777626490948044,-0.061942522222068974,-0.07865181295772246,-0.09941184084141315,-0.1254040708746519,-0.15780996805894956,-0.19764221668131543,-0.24641984317226348,-0.3054930932478061,-0.37621221262395566,-0.45992744701672467,-0.5576514807131223,-0.6700594365711549,-0.7976576567343269,-0.9401085797736354,-1.0969058635455757,-1.2670368237631384,-1.4494887761393143,-1.6425739135290878,-1.8452795516454497,-2.0559178833433847,-2.273476224335883,-2.496435548192431,-2.7239519513405206,-2.955350310922146,-3.189617942650298,-3.4262485043814714,-3.6649044346866644,-3.90507939142237,-4.146267032445086,-4.3886361384693116,,,,,,,,,,,
SM02_micro002,,,,,,,,,,,-3.9631399572109034,-3.722796219760696,-3.4838027280265003,-3.2464970434373206,-3.0115542888511624,-2.779480806411531,-2.5509517189764317,-2.326810930118373,-2.107902343409862,-1.8954074238524101,-1.6906764171620297,-1.4950595690547328,-1.3100759059610336,-1.1367381121679414,-0.9765652141059702,-0.8307386767766308,-0.6995960616089261,-0.5834749300318595,-0.4822065013309293,-0.3951156526481293,-0.32135848041095183,-0.2595847389033844,-0.20861296312391622,-0.16675534592753172,-0.13266164159821855,-0.028017598607257357,-0.02194149288520154,-0.017215632879158133,-0.013502457160124028,-0.01046440429909612,-0.008270255010575966,0.0,0.0,0.0,0.0,0.0,0.0,0.0,0.0,-0.0008439035725077517,-0.0006751228580062014,-0.000506342143504651,-0.000506342143504651,-0.0003375614290031007,0.0,0.0,0.0,0.0,0.0,0.0,0.0,0.0,0.0,0.0,0.0,0.0,0.0,0.0,0.0,0.0,0.0,0.0,0.0,0.0,0.0,0.0,0.0,0.0,0.0,0.0,-0.0003375614290031007,-0.000506342143504651,-0.0006751228580062014,-0.0008439035725077517,-0.001012684287009302,-0.0013502457160124027,-0.0016878071450155034,-0.002025368574018604,-0.0027004914320248054,-0.003375614290031007,-0.0043882985770403084,,,,,,,,,,
SM02_micro004,,,,,,,,,,,-0.03696297647583952,-0.04219517862538758,-0.0489464072054496,-0.057385442930527115,-0.06818740865862633,-0.08185864653325191,-0.09907427941241005,-0.12050943015410695,-0.14734556375985344,-0.18059536451665886,-0.2216090781405356,-0.27173695034749606,-0.3323292268535526,-0.4047361533747177,-0.4903079756270037,-0.59005737789742,-0.7046594830439726,-0.8341142910666617,-0.9785905826799888,-1.1374132350259478,-1.3092320023885258,-1.4932029811952159,-1.6878071450155032,-1.891694248133376,-2.10334526411832,-3.591822385307492,-3.8314909998996938,-4.072509860207908,-4.314541404803131,-4.55724807225636,,,,,,,,,,,,,,,,,,,,,,,,,,,,,,,,,,,,,,,,,,,,,,,,,,,,,,,,,,,,,
SM02_micro005,,,,,,,,,,,-4.0576571573317715,-4.06288935948132,-4.0696405880613815,-4.078079623786459,-4.088881589514559,-4.102552827389184,-4.11959967955384,-4.1410348302955375,-4.167870963901284,-4.201289545372591,-4.242134478281966,-4.292262350488926,-4.352854626994984,-4.425261553516148,-4.5110021564829355,,,,,,,,,,,,,,,,,,,,,,,,,,,,,,,,,,,,,,,,,,,,,,,,,,,,,,,,,,,,,,,,,,,,,,,,,,,,
SM03_micro002,,,,,,,,,,,,,,,,,,,,,,,,,,,,,,,,,,-4.481971873588669,-4.239433986849941,-3.9977400036837207,-3.7570587048045105,-3.5178964323558133,-3.280421967052132,-3.045141651036971,-2.812561826453835,-2.583526396875231,-2.358541704444664,-2.138789214163646,-1.9254503910336862,-1.7195379193417946,-1.5225708255184855,-1.3358993552797709,-1.1608737543416632,-0.9986754877056733,-0.8506548010878137,-0.7173180366315889,-0.5991715364805037,-0.49570895849105334,-0.40676152194873627,-0.33114776185204176,-0.2678549939139604,-0.21519541098947667,-0.17215632879158133,-0.13704994017525887,-0.10886356085349996,-0.08607816439579066,-0.06801862794412479,-0.05350348649699145,-0.04219517862538758,-0.033081020042303864,-0.02599223003323875,-0.02042246645468759,-0.01603416787764728,-0.012489772873114724,-0.009789281441089918,-0.007595132152569764,-0.006076105722055812,-0.004725860006043409,-0.0037131757190341074,-0.0028692721465263553,-0.0021941492885201542,-0.0016878071450155034,-0.0013502457160124027,-0.001012684287009302,-0.0008439035725077517,-0.0006751228580062014,-0.000506342143504651,-0.0003375614290031007,-0.0003375614290031007,0.0,0.0,0.0,0.0,0.0,0.0,,,,,,,,,,
SM03_micro012,,,,,,,,,,,0.0,0.0,0.0,0.0,0.0,0.0,0.0,0.0,0.0,-0.0,-0.0,-0.0,-0.0,-0.0,-0.0,-0.0,-0.0,-0.0,-0.0,0.0,0.0,0.0,-0.008945377868582167,-0.011308307871603872,-0.014515141447133329,-0.018565878595170535,-0.023629300030217047,-0.03004296718127596,-0.038313222191851924,-0.048777626490948044,-0.061942522222068974,-0.07848303224322091,-0.09941184084141315,-0.1254040708746519,-0.157641187344448,-0.1974734359668139,-0.2460822817432604,-0.305155531818803,-0.375705870480451,-0.45942110487322,-0.5571451385696177,-0.6695530944276502,-0.7969825338763207,-0.9392646762011276,-1.0960619599730679,-1.266024139476129,-1.448476091852305,-1.6415612292420785,-1.844098086643939,-2.054905199056375,-2.2722947593343723,-2.49525408319092,-2.72277048633901,-2.954000065206134,-3.1884364776487875,-3.425067039379961,-3.663554188970651,-3.9037291457063574,-4.145085567443575,-4.387285892753299,,,,,,,,,,,,,,,,,,,,,,,,,,,,,,,
SM04_micro002,,,,,,,,,,,-0.004725860006043409,-0.004725860006043409,-0.004725860006043409,-0.004725860006043409,-0.004725860006043409,-0.004725860006043409,-0.012320992158613174,-0.013671237874625576,-0.01552782573414263,-0.018059536451665883,-0.02109758931269379,-0.02497954574622945,-0.029874186466774408,-0.036119072903331766,-0.044051766484904636,-0.05417860935499765,-0.06683716294261394,-0.08287133082026121,-0.10312501656044726,-0.12827334302117824,-0.15966655591846662,-0.19831733953932162,-0.2455759395997557,-0.3029613825302828,-0.37199269476141694,-0.45368256058016726,-0.7387531873732858,-0.8746216625470338,-1.0250052791679152,-1.1893976950924252,-1.3664486646045515,-1.5549767227027833,-1.7536316236711078,-1.9608943410790116,-2.175414629210482,-2.3960110230640086,-2.621670838352581,-2.851550171503693,-3.0844675575158322,-3.320254215674498,-3.5580662424071825,-3.7975660762848826,-4.038247375164093,-4.280110139044814,-4.522816806498044,,,,,,,,,,,,,,,,,,,,,,,,,,,,,,,,,,,,,,,,,,,,,,
SM04_micro003,,,,,,,,,,,,,,,,,,,,-4.516571920061487,-4.273865252608258,-4.032002488727536,-3.7913211898483254,-3.5518213559706253,-3.314009329237941,-3.0783914517937765,-2.845474065781637,-2.615763513345027,-2.3902724787709557,-2.1698448656319314,-1.9553245775004606,-1.74839942152156,-1.5499133012677366,-1.361722804598508,-1.1850093965153847,-1.020954542019878,-0.6494681894019656,-0.5395919442614564,-0.444399621282582,-0.36304731689283476,-0.2943535660907038,-0.23730568458917978,-0.1902158652432472,-0.15173386233689373,-0.12050943015410695,-0.09552988440787748,-0.075444979382193,-0.05941081150454572,-0.04675225791692944,-0.036794195761337974,-0.028861502179765106,-0.022616615743207745,-0.017721975022662786,-0.014008799303628678,-0.01097074644260077,-0.008607816439579067,-0.006751228580062014,-0.00523220214954806,-0.004050737148037208,-0.003206833575529456,-0.002531710717523255,0.0,0.0,0.0,0.0,0.0,0.0,0.0,0.0,0.0,0.0,0.0,0.0,0.0,0.0,0.0,0.0,0.0,0.0,0.0,0.0,0.0,0.0,0.0,0.0,-0.0003375614290031007,-0.0003375614290031007,-0.000506342143504651,-0.0006751228580062014,-0.0008439035725077517,-0.0011814650015108522,,,,,,,,,,
SM05_micro001,,,,,,,,,,,,,,,,-4.382560032747256,-4.135971408860491,-4.076898158784949,-3.8326724649012047,-3.5904721395914803,-3.3433771735612106,-3.1074217346880433,-2.874166787246901,-2.643949892666786,-2.41795251594921,-2.1966809992376777,-1.9814855882482008,-1.7735477479822908,-1.5740489434414584,-1.3843394203417159,-1.2061069858280786,-1.0405331049020579,-0.8886304618506624,-0.751411740960902,-0.629045722947278,-0.5218699692387936,-0.4290405762629409,-0.3500512018762154,-0.28355160036260457,-0.22819152600609602,-0.182789513805179,-0.14565775661483793,-0.11578357014806352,-0.09164792797434183,-0.0724069265211651,-0.057047881501524005,-0.044895670057412386,-0.035275169330824016,-0.027680037178254256,-0.021772712170699992,-0.01704685216465658,-0.013333676445622477,-0.01046440429909612,-0.008270255010575966,-0.006413667151058912,-0.00506342143504651,-0.0038819564335356577,-0.003038052861027906,-0.0023629300030217045,-0.0018565878595170537,-0.001519026430513953,-0.0011814650015108522,-0.0008439035725077517,-0.0006751228580062014,-0.000506342143504651,-0.000506342143504651,-0.0003375614290031007,0.0,0.0,0.0,0.0,0.0,0.0,0.0,0.0,0.0,0.0,0.0,0.0,0.0,0.0,0.0,0.0,0.0,0.0,0.0,0.0,0.0,0.0,0.0,0.0,,,,,,,,,,
SM05_micro005,,,,,,,,,,,-2.7165255999024525,-2.948767863056586,-3.1842169597862484,-3.4225353286624376,-3.6632166275416482,-3.906092075709379,-4.150824111736627,-4.209391019668666,-4.456485985698935,,,,,,,,,,,,,,,,,,,,,,,,,,,,,,,,,,,,,,,,,,,,,,,,,,,,,,,,,,,,,,,,,,,,,,,,,,,,,,,,,,
SM05_micro010,,,,,,,,,,,-0.07257570723566664,-0.05907325007554262,-0.048777626490948044,-0.04152005576738138,-0.03645663433233488,-0.03358736218580852,-0.03257467789879922,-0.03240589718429766,-0.033756142900310065,-0.037300537904842626,-0.03595029218883022,-0.045739573629920136,-0.058060565788533317,-0.0737571722371775,-0.09333573511935733,-0.11780893872208213,-0.14835824804686276,-0.18599634738070847,-0.23224226315413327,-0.288277460368648,-0.35578974616926806,-0.43579180484300295,-0.5296338821058649,-0.6381598815303617,-0.761538583830995,-0.8999387697222664,-1.0530228777751725,-1.2196094429882027,-1.398854561788849,-1.589239207746598,-1.7894131351454368,-1.9981948789838544,-2.213896632116836,-2.435505710257371,-2.6618406484039503,-2.8922263236985666,-3.1258188325687124,-3.361943052156381,-3.6000926403180684,-3.83976125491027,-4.080780115218484,-4.3228116598137065,-4.565687107981438,,,,,,,,,,,,,,,,,,,,,,,,,,,,,,,,,,,,,,,,,,,,,,,,
SM06_micro001,,,,,,,,,,,-2.474156493878226,-2.2324625107120064,-2.0015704932738854,-1.7814804415638639,-1.5732050398689508,-1.3772506303326506,-1.1947986779564748,-1.1450083671785174,-0.9811222933975121,-0.8324264839216463,-0.6938575173158734,-0.578411508596813,-0.47781820275388903,-0.3915712576435968,-0.3183204275499239,-0.2570530281858611,-0.20641881383539606,-0.16489875806801466,-0.13131139588220614,-0.10413770084745655,-0.08236498867675657,-0.06498057508309688,-0.05114055649396975,-0.04016981005136898,-0.031561993611789914,-0.024810765031727897,-0.01940978216767829,-0.015190264305139528,-0.011983430729610074,-0.009282939297585268,0.0,0.0,0.0,0.0,0.0,0.0,0.0,0.0,0.0,0.0,0.0,0.0,0.0,0.0,0.0,0.0,0.0,0.0,0.0,0.0,0.0,0.0,0.0,0.0,-0.008776597154080617,-0.011139527157102322,-0.014177580018130227,-0.01822831716616744,-0.023122957886712397,-0.02953662503777131,-0.03763809933384572,-0.04776494220393874,-0.060761057220558114,-0.07696400581270696,-0.09738647226739454,-0.12287236015712864,-0.1546031344834201,-0.1937602602477798,-0.24152520245171852,-0.29958576824025185,-0.3692922033293921,-0.4518259727206502,-0.5481997607010355,-0.6592574708430556,-0.7855054452902152,-0.9266061226135114,-1.0820531606694392,-1.2511714365999926,-1.4324419239746577,-1.624851938506425,-1.8265448923357777,,,,,,,,,,
SM06_micro002,,,,,,,,,,,-2.421834472382746,-2.6716299298450403,-2.9320585723209325,-3.203457961239425,-3.4865032194585255,-3.78203825055074,-4.090906958088577,-4.150992892451129,-4.478427478584137,,,,,,,,,,,,,,,,,,,,,,,,,,,,,,,,,,,,,,,,,,,,,,,,,,,,,,,,,,,,,,,,,,,,,,,,,,,,,,,,,,
SM06_micro005,,,,,,,,,,,-4.30795895693757,-4.312009694085608,-4.326693616247242,-4.3523482848514785,-4.3898176034708225,-4.439607914248779,-4.502900682186861,,,,,,,,,,,,,,,,,,,,,,,,,,,,,,,,,,,,,,,,,,,,,,,,,,,,,,,,,,,,,,,,,,,,,,,,,,,,,,,,,,,,
SM06_micro007,,,,,,,,,,,-0.20641881383539606,-0.21046955098343328,-0.22515347314506812,-0.2508081417493038,-0.288277460368648,-0.3380677711466053,-0.4013605390846867,-0.4064239605197332,-0.4881138263384836,-0.5853315178913765,-0.6923384908853595,-0.8226372024805563,-0.9677886169518897,-1.127117611441353,-1.2996115016619376,-1.484088822612132,-1.6791993285759244,-1.8834239931228,-2.0954125705367472,-2.313983595816255,-2.5379556039598126,-2.76631591068041,-2.99822061240554,-3.2329945862771967,-3.469962709437373,-3.708956201171568,-3.949299938621776,-4.1908251410734945,-4.43319424709772,,,,,,,,,,,,,,,,,,,,,,,,,,,,,,,,,,,,,,,,,,,,,,,,,,,,,,,,,,,,,,
SM06_micro008,,,,,,,,,,,,,,,,,,,,,,,,,,,,,,,,,,,,,,,,,,,,,,,,,,,,,,,,,,,,,,,,,,-4.502563120757858,-4.26002523401913,-4.018162470138408,-3.7774811712591982,-3.538150118095999,-3.3005068720778166,-3.065057775348154,-2.832309170050516,-2.6027673983284076,-2.377445144468838,-2.1573550927588165,-1.9433411467708506,-1.7367535522209527,-1.538942554825136,-1.351258400299412,-1.175220115074295,-1.0120091641512958,-0.8626382318174237,-0.7281200023596881,-0.6086232564925904,-0.5039792135016292,-0.4138503119578014,-0.337055086859596,-0.2727496346345053,-0.21941492885201544,-0.17553194308161232,,,,,,,,,,
SM07_micro004,,,,,,,,,,,,,,,,,,,,-4.516571920061487,-4.273865252608258,-4.032002488727536,-3.7913211898483254,-3.5518213559706253,-3.314009329237941,-3.0783914517937765,-2.845474065781637,-2.615763513345027,-2.3902724787709557,-2.1698448656319314,-1.9553245775004606,-1.74839942152156,-1.5499133012677366,-1.361722804598508,-1.1850093965153847,-1.020954542019878,-0.6494681894019656,-0.5395919442614564,-0.444399621282582,-0.36304731689283476,-0.2943535660907038,-0.23730568458917978,-0.1902158652432472,-0.15173386233689373,-0.12050943015410695,-0.09552988440787748,-0.075444979382193,-0.05941081150454572,-0.04675225791692944,-0.036794195761337974,-0.028861502179765106,-0.022616615743207745,-0.017721975022662786,-0.014008799303628678,-0.01097074644260077,-0.008607816439579067,-0.006751228580062014,-0.00523220214954806,-0.004050737148037208,-0.003206833575529456,-0.002531710717523255,0.0,0.0,0.0,0.0,0.0,0.0,0.0,0.0,0.0,0.0,0.0,0.0,0.0,0.0,0.0,0.0,0.0,0.0,0.0,0.0,0.0,0.0,0.0,0.0,-0.0003375614290031007,-0.0003375614290031007,-0.000506342143504651,-0.0006751228580062014,-0.0008439035725077517,-0.0011814650015108522,,,,,,,,,,
SM07_micro006,,,,,,,,,,,-0.004725860006043409,-0.004725860006043409,-0.004725860006043409,-0.004725860006043409,-0.004725860006043409,-0.004725860006043409,-0.012320992158613174,-0.013671237874625576,-0.01552782573414263,-0.018059536451665883,-0.02109758931269379,-0.02497954574622945,-0.029874186466774408,-0.036119072903331766,-0.044051766484904636,-0.05417860935499765,-0.06683716294261394,-0.08287133082026121,-0.10312501656044726,-0.12827334302117824,-0.15966655591846662,-0.19831733953932162,-0.2455759395997557,-0.3029613825302828,-0.37199269476141694,-0.45368256058016726,-0.7387531873732858,-0.8746216625470338,-1.0250052791679152,-1.1893976950924252,-1.3664486646045515,-1.5549767227027833,-1.7536316236711078,-1.9608943410790116,-2.175414629210482,-2.3960110230640086,-2.621670838352581,-2.851550171503693,-3.0844675575158322,-3.320254215674498,-3.5580662424071825,-3.7975660762848826,-4.038247375164093,-4.280110139044814,-4.522816806498044,,,,,,,,,,,,,,,,,,,,,,,,,,,,,,,,,,,,,,,,,,,,,,
SM08_micro004,,,,,,,,,,,,,,,,,,,,,,,,,,,,,,,,,,,,,,,,,,,,,,,,,,,,,,,,,,,,,,,,,,,,,,,,,,,,,,,,-4.546614887242763,-4.303908219789533,-4.06187667519431,-3.821026595600598,-3.581357981008397,-3.3433771735612106,-3.1075905154025447,-2.874166787246901,-2.6441186733812874,-2.41795251594921,-2.196849779952179,-1.9816543689627022,,,,,,,,,,
SM08_micro006,,,,,,,,,,,-2.788426184280113,-2.559559535416011,-2.3352499658434502,-2.1161725984204383,-1.9035088981484845,-1.6984403300291009,-1.502485920492801,-1.3168271345410958,-1.1431517793190005,-0.9824725391135244,-0.8359708789261788,-0.7043219216149695,-0.5875256671798967,-0.48575089633546187,-0.39815370550915724,-0.32405897184297666,-0.26177888819190454,-0.2103007702689317,-0.16810559164354413,-0.1338431065997294,-0.10616306942147516,-0.08405279582177207,-0.06633082079910928,-0.052153240780979056,-0.04101371362387673,-0.03223711646979611,-0.02531710717523255,-0.019916124311182937,-0.01552782573414263,-0.012152211444111624,-0.00962050072658837,-0.007426351438068215,-0.005907325007554262,-0.00455707929154186,-0.0035443950045325567,-0.0028692721465263553,-0.0021941492885201542,-0.0016878071450155034,-0.0013502457160124027,-0.001012684287009302,-0.0008439035725077517,-0.0006751228580062014,-0.000506342143504651,-0.0003375614290031007,0.0,0.0,0.0,0.0,0.0,0.0,0.0,0.0,0.0,0.0,0.0,0.0,0.0,0.0,0.0,0.0,0.0,0.0,0.0,0.0,0.0,0.0,0.0,0.0,-0.008270255010575966,-0.010633185013597671,-0.013671237874625576,-0.017384413593659685,-0.022110273599703096,-0.028186379321758905,-0.03595029218883022,-0.045739573629920136,-0.058060565788533317,-0.0737571722371775,-0.09333573511935733,-0.11780893872208213,-0.14835824804686276,,,,,,,,,,
SM08_micro011,,,,,,,,,,,-0.06346154865258292,-0.0805084008172395,-0.10177477084443484,-0.12844212373567981,-0.16135436306348214,-0.20203051525835575,-0.2518208260363131,-0.311906760398865,-0.383976125491027,-0.46904160559980834,-0.5681158850122184,-0.6822116480152665,-0.811160113894451,-0.9551300633642733,-1.1132775928522258,-1.2847587987858011,-1.4682234354489863,-1.6624900378402707,-1.8660395795291402,-2.0773530340850814,-2.295417717221085,-2.5188833832211373,-2.7469061285127316,-2.9786420495233603,-3.2130784619660138,-3.45004658512619,-3.688871296145884,-3.9290462528815904,-4.170402674618807,-4.412771780643033,,,,,,,,,,,,,,,,,,,,,,,,,,,,,,,,,,,,,,,,,,,,,,,,,,,,,,,,,,,,,
SM09_micro001,,,,,,,,,,,-0.03696297647583952,-0.04219517862538758,-0.0489464072054496,-0.057385442930527115,-0.06818740865862633,-0.08185864653325191,-0.09907427941241005,-0.12050943015410695,-0.14734556375985344,-0.18059536451665886,-0.2216090781405356,-0.27173695034749606,-0.3323292268535526,-0.4047361533747177,-0.4903079756270037,-0.59005737789742,-0.7046594830439726,-0.8341142910666617,-0.9785905826799888,-1.1374132350259478,-1.3092320023885258,-1.4932029811952159,-1.6878071450155032,-1.891694248133376,-2.10334526411832,-3.591822385307492,-3.8314909998996938,-4.072509860207908,-4.314541404803131,-4.55724807225636,,,,,,,,,,,,,,,,,,,,,,,,,,,,,,,,,,,,,,,,,,,,,,,,,,,,,,,,,,,,,
SM09_micro003,,,,,,,,,,,-3.9631399572109034,-3.722796219760696,-3.4838027280265003,-3.2464970434373206,-3.0115542888511624,-2.779480806411531,-2.5509517189764317,-2.326810930118373,-2.107902343409862,-1.8954074238524101,-1.6906764171620297,-1.4950595690547328,-1.3100759059610336,-1.1367381121679414,-0.9765652141059702,-0.8307386767766308,-0.6995960616089261,-0.5834749300318595,-0.4822065013309293,-0.3951156526481293,-0.32135848041095183,-0.2595847389033844,-0.20861296312391622,-0.16675534592753172,-0.13266164159821855,-0.028017598607257357,-0.02194149288520154,-0.017215632879158133,-0.013502457160124028,-0.01046440429909612,-0.008270255010575966,0.0,0.0,0.0,0.0,0.0,0.0,0.0,0.0,-0.0008439035725077517,-0.0006751228580062014,-0.000506342143504651,-0.000506342143504651,-0.0003375614290031007,0.0,0.0,0.0,0.0,0.0,0.0,0.0,0.0,0.0,0.0,0.0,0.0,0.0,0.0,0.0,0.0,0.0,0.0,0.0,0.0,0.0,0.0,0.0,0.0,-0.0003375614290031007,-0.000506342143504651,-0.000506342143504651,-0.0006751228580062014,-0.0008439035725077517,-0.0011814650015108522,-0.001519026430513953,-0.0018565878595170537,-0.0023629300030217045,-0.003038052861027906,-0.0038819564335356577,-0.00506342143504651,-0.006413667151058912,,,,,,,,,,
SM09_micro005,,,,,,,,,,,-4.0576571573317715,-4.06288935948132,-4.0696405880613815,-4.078079623786459,-4.088881589514559,-4.102552827389184,-4.11959967955384,-4.1410348302955375,-4.167870963901284,-4.201289545372591,-4.242134478281966,-4.292262350488926,-4.352854626994984,-4.425261553516148,-4.5110021564829355,,,,,,,,,,,,,,,,,,,,,,,,,,,,,,,,,,,,,,,,,,,,,,,,,,,,,,,,,,,,,,,,,,,,,,,,,,,,
SM10_micro006,,,,,,,,,,,-0.0,-0.0,-0.0,-0.0,-0.0,-0.0,-0.0,-0.0,-0.0,-0.0,-0.0,-0.0,-0.0,-0.0,-0.0,-0.0,-0.0,-0.0,-0.0,-0.0,-0.0,-0.0,,,-0.04320786291239689,-0.043545424341399984,-0.04371420505590153,-0.04388298577040308,-0.044051766484904636,-0.04472688934291084,-0.04472688934291084,-0.04472688934291084,-0.04472688934291084,-0.04472688934291084,-0.04472688934291084,-0.04472688934291084,-0.04472688934291084,-0.04506445077191394,-0.04506445077191394,-0.04523323148641549,-0.04540201220091704,-0.04557079291541859,-0.045739573629920136,-0.04607713505892324,-0.04658347720242789,-0.047089819345932545,-0.04776494220393874,-0.048608845776446495,-0.04979031077795734,-0.05114055649396975,-0.0529971443534868,-0.05536007435650851,-0.05822934650303487,-0.061942522222068974,-0.06683716294261394,-0.07274448795016819,-0.0805084008172395,-0.09029768225832943,-0.1026186744169426,-0.11831528086558678,-0.13789384374776661,-0.1623670473504914,-0.19274757596077047,-0.23038567529461623,-0.2764628103535394,-0.33249800756805414,-0.3998415126541727,-0.47984357132790756,-0.5736856485907695,-0.6818740865862634,-0.8052527888868967,-0.943652974778168,-1.096399521402071,-1.262986086615101,-1.4422312054157476,-1.6324470706589946,-1.8253634273342667,-2.0353266361741955,-2.2522098543086875,-2.474662836021731,-2.7018416777408176,,,,,,,,,,
SM10_micro023,,,,,,,,,,,,,,,,,,,,,,,,,,,,,,,,,,,,,,,,,,,,,,,,,,,,,,,,,,,,,,-4.548302694387778,-4.305596026934549,-4.063564482339325,-3.8227144027456132,-3.583045788153412,-3.345064980706226,-3.1091095418330585,-2.8756858136774146,-2.645637699811801,-2.419471542379724,-2.1982000256681915,-1.983004614678715,-1.7748979936983034,-1.5753991891574708,-1.385689666057728,-1.2072884508295896,-1.0415457891890672,-0.8896431461376718,-0.7522556445334098,-0.6298896265197858,-0.5225450920967998,-0.42971569912094715,-0.35055754401972006,-0.2838891617916076,-0.22852908743509914,-0.1757007237961139,-0.13991921232178522,-0.11105771014202011,-0.08793475225530772,-0.06936887366013718,,,,,,,,,,
SM10_micro036,,,,,,,,,,,,,,,,,,,,,,,,,,,,,,,,,0.0,0.0,-3.1614315633285393,-3.1551866768919816,-3.1504608168859387,-3.1464100797379015,-3.1433720268768734,-3.1312198154327615,-3.1312198154327615,-3.1312198154327615,-3.1312198154327615,-3.1312198154327615,-3.1312198154327615,-3.1312198154327615,-3.1312198154327615,-3.1317261575762663,-3.1317261575762663,-3.1318949382907677,-3.132063719005269,-3.132232499719771,-3.132401280434273,-3.132738841863276,-3.1332451840067805,-3.133751526150285,-3.134426649008291,-3.1352705525807987,-3.13645201758231,-3.137802263298322,-3.1396588511578396,-3.1420217811608606,-3.1448910533073873,-3.148604229026421,-3.153330089032465,-3.1594061947545207,-3.167170107621592,-3.176959389062682,-3.189280381221295,-3.2049769876699394,-3.224555550552119,-3.249028754154844,-3.279409282765123,-3.3170473820989685,-3.3631245171578916,-3.419159714372406,-3.4865032194585255,-3.5665052781322606,-3.6603473553951216,-3.768535793390616,-3.891914495691249,-4.030314681582521,-4.183061228206424,-4.349647793419454,-4.5288929122201,,,,,,,,,,,,,,,,
SM11_micro005,,,,,,,,,,,-2.248665459304155,-2.0319510218841645,-1.8221565937587372,-1.6204636399293846,-1.4283911868266206,-1.247289480166457,-1.0785087656649066,-0.923399289037982,-0.7826361731436889,-0.6567257601255323,-0.5460056114125154,-0.44980060414663164,-0.3676043961843766,-0.2982355225242394,-0.24034373745020768,-0.19274757596077047,-0.15375923091091234,-0.1220284565846209,-0.09671134940938833,-0.0764576636692023,-0.060254715077053475,-0.04742738077493564,-0.037300537904842626,-0.029199063608768207,-0.022954177172210842,-0.018059536451665883,-0.014177580018130227,-0.011139527157102322,-0.008607816439579067,-0.006751228580062014,-0.00523220214954806,-0.004219517862538758,-0.003206833575529456,-0.002531710717523255,-0.002025368574018604,-0.001519026430513953,-0.0011814650015108522,-0.001012684287009302,0.0,0.0,0.0,0.0,0.0,0.0,0.0,0.0,0.0,0.0,0.0,0.0,0.0,0.0,0.0,0.0,0.0,0.0,0.0,0.0,0.0,0.0,0.0,0.0,0.0,0.0,0.0,0.0,0.0,0.0,0.0,-0.0003375614290031007,-0.000506342143504651,-0.0006751228580062014,-0.0008439035725077517,-0.001012684287009302,-0.0013502457160124027,-0.0016878071450155034,-0.0021941492885201542,-0.0027004914320248054,-0.003375614290031007,-0.0043882985770403084,-0.005569763578551161,,,,,,,,,,
SM11_micro008,,,,,,,,,,,-0.11375820157404493,-0.14278848446831158,-0.17856999594264025,-0.22262176242754486,-0.27629402963903793,-0.3409370432931317,-0.4179010491058386,-0.5083675120786696,-0.6133491164986339,-0.7331834237947347,-0.8680392146814733,-1.0177477084443485,-1.1811274400818492,-1.3575032867359693,-1.5453562219761947,-1.7435047808010147,-1.950261156065414,-2.1641063213388785,-2.3845339344779033,-2.609856188337473,-2.839397960059581,-3.0723153460717207,-3.3079332235158847,-3.5455764695340672,-3.785076303411768,-4.0257576022909785,-4.2676203661717,-4.510158252910428,,,,,,,,,,,,,,,,,,,,,,,,,,,,,,,,,,,,,,,,,,,,,,,,,,,,,,,,,,,,,,,
SM12_micro001,,,,,,,,,,,-4.0576571573317715,-4.06288935948132,-4.0696405880613815,-4.078079623786459,-4.088881589514559,-4.102552827389184,-4.11959967955384,-4.1410348302955375,-4.167870963901284,-4.201289545372591,-4.242134478281966,-4.292262350488926,-4.352854626994984,-4.425261553516148,-4.5110021564829355,,,,,,,,,,,,,,,,,,,,,,,,,,,,,,,,,,,,,,,,,,,,,,,,,,,,,,,,,,,,,,,,,,,,,,,,,,,,
SM12_micro006,,,,,,,,,,,-0.03696297647583952,-0.04219517862538758,-0.0489464072054496,-0.057385442930527115,-0.06818740865862633,-0.08185864653325191,-0.09907427941241005,-0.12050943015410695,-0.14734556375985344,-0.18059536451665886,-0.2216090781405356,-0.27173695034749606,-0.3323292268535526,-0.4047361533747177,-0.4903079756270037,-0.59005737789742,-0.7046594830439726,-0.8341142910666617,-0.9785905826799888,-1.1374132350259478,-1.3092320023885258,-1.4932029811952159,-1.6878071450155032,-1.891694248133376,-2.10334526411832,-3.591822385307492,-3.8314909998996938,-4.072509860207908,-4.314541404803131,-4.55724807225636,,,,,,,,,,,,,,,,,,,,,,,,,,,,,,,,,,,,,,,,,,,,,,,,,,,,,,,,,,,,,
SM12_micro009,,,,,,,,,,,,,,,,,,,,,,,,,,,,,,,,,,,,,,,,,,,,,,,,,,,,,,,,,,,,,,,,,,,,,,,,,,,,,,,,,,,,,,,,,,,-4.371758067019156,,,,,,,,,,
SM12_micro012,,,,,,,,,,,-3.9631399572109034,-3.722796219760696,-3.4838027280265003,-3.2464970434373206,-3.0115542888511624,-2.779480806411531,-2.5509517189764317,-2.326810930118373,-2.107902343409862,-1.8954074238524101,-1.6906764171620297,-1.4950595690547328,-1.3100759059610336,-1.1367381121679414,-0.9765652141059702,-0.8307386767766308,-0.6995960616089261,-0.5834749300318595,-0.4822065013309293,-0.3951156526481293,-0.32135848041095183,-0.2595847389033844,-0.20861296312391622,-0.16675534592753172,-0.13266164159821855,-0.028017598607257357,-0.02194149288520154,-0.017215632879158133,-0.013502457160124028,-0.01046440429909612,-0.008270255010575966,0.0,0.0,0.0,0.0,0.0,0.0,0.0,0.0,-0.0008439035725077517,-0.0006751228580062014,-0.000506342143504651,-0.000506342143504651,0.0,0.0,0.0,0.0,0.0,0.0,0.0,0.0,0.0,0.0,0.0,0.0,0.0,0.0,0.0,0.0,0.0,0.0,0.0,0.0,0.0,0.0,-0.0003375614290031007,-0.0003375614290031007,-0.000506342143504651,-0.0006751228580062014,-0.0008439035725077517,-0.001012684287009302,-0.0013502457160124027,-0.0018565878595170537,-0.0023629300030217045,-0.0028692721465263553,-0.0037131757190341074,-0.004725860006043409,-0.006076105722055812,-0.007763912867071315,-0.009958062155591469,-0.012658553587616275,,,,,,,,,,
SM13_micro001,,,,,,,,,,,-0.03071809003928216,-0.03324980075680541,-0.036625415046836425,-0.04084493290937518,-0.046245915773424795,-0.0529971443534868,-0.06160496079306587,-0.07257570723566664,-0.08641572582479377,-0.10380013941845345,-0.12574163230365498,-0.1529153273384046,-0.18667147023871467,-0.22819152600609602,-0.2789945210710627,-0.340430701149627,-0.41368153124329987,-0.5002660377825952,-0.6010281243400207,-0.7166429137735827,-0.8472791867977827,-0.9925993819836174,-1.152265937902084,-1.3250973895516718,-1.509912271930869,-1.705191558609163,-1.9095850038705404,-2.1217423619989892,-2.3404821679929984,-2.564454176136556,-4.272346226177743,-4.514884112916471,,,,,,,,,,,,,,,,,,,,,,,,,,,,,,,,,,,,,,,,,,,,,,,,,,,,,,,,,,,
SM13_micro005,,,,,,,,,,,,-4.4304937556656965,-4.18812464964147,-3.946599447189751,-3.7062557097395437,-3.4674309987198497,-3.2302940948451715,-2.995520120973515,-2.763615419248385,-2.5354238932422892,-2.3114518850987316,-2.0930496405337258,-1.8810610631197786,-1.6770051792874041,-1.4820634540381135,-1.297586133087919,-1.1252610235818359,-0.9661008098068741,-0.8211181760500423,-0.690988245169347,-0.5760485785937912,-0.47579283417987034,-0.3897146697840797,-0.31680140111940996,-0.25587156318435034,-0.20540612954838675,-0.1640548544955069,-0.13063627302419994,-0.10346257798945035,-0.08185864653325191,-0.014008799303628678,-0.01097074644260077,-0.008607816439579067,0.0,0.0,0.0,0.0,0.0,0.0,0.0,0.0,0.0,0.0,-0.000506342143504651,-0.000506342143504651,-0.0003375614290031007,0.0,0.0,0.0,0.0,0.0,0.0,0.0,0.0,0.0,0.0,0.0,0.0,0.0,0.0,0.0,0.0,0.0,0.0,0.0,0.0,0.0,0.0,0.0,-0.0003375614290031007,-0.000506342143504651,-0.0006751228580062014,-0.0008439035725077517,-0.001012684287009302,-0.0013502457160124027,-0.0016878071450155034,-0.0021941492885201542,-0.0027004914320248054,-0.003375614290031007,-0.0043882985770403084,-0.005569763578551161,,,,,,,,,,
SM13_micro012,,,,,,,,,,,-3.8687915378045363,-3.8714920292365615,-3.874867643526592,-3.8789183806746297,-3.8843193635386797,-3.8912393728332426,-3.8998471892728217,-3.9108179357154227,-3.92465795430455,-3.9420423678982095,-3.9638150800689096,-3.9911575558181607,-4.02491369871847,-4.066433754485852,-4.117236749550819,-4.1785041489148815,-4.251923759723056,-4.338339485547849,-4.439101572105275,-4.554716361538837,,,,,,,,,,,,,,,,,,,,,,,,,,,,,,,,,,,,,,,,,,,,,,,,,,,,,,,,,,,,,,,,,,,,,,,
SM14_micro001,,,,,,,,,,,,,,,,,,,,,,,,,,,,,-4.416991298505572,-4.174453411766844,-3.933096990029627,-3.6927532525794198,-3.4539285415597263,-3.216960418399549,-2.4230159373842564,-2.2015756399582225,-1.9862114482542443,-1.778104827273833,-1.5782684613039972,-1.3885589382042545,-1.2099889422616144,-1.0440774999065905,-0.891837295426192,-0.7542810131074285,-0.6317462143793029,-0.5240641185273138,-0.4310659448369596,-0.3517390090212309,-0.28490184607861696,-0.22937299100760689,-0.18363341737768674,-0.1465016601873457,-0.11628991229156818,-0.09215427011784648,-0.07274448795016819,-0.057385442930527115,-0.04506445077191394,-0.03544395004532557,-0.027848817892755805,-0.021772712170699992,-0.017215632879158133,-0.013502457160124028,-0.01046440429909612,-0.008270255010575966,-0.006413667151058912,-0.00506342143504651,-0.0038819564335356577,-0.003038052861027906,-0.0023629300030217045,-0.0018565878595170537,-0.001519026430513953,-0.0011814650015108522,-0.0008439035725077517,-0.0006751228580062014,-0.000506342143504651,-0.000506342143504651,-0.0003375614290031007,0.0,0.0,0.0,0.0,0.0,0.0,0.0,0.0,0.0,0.0,0.0,0.0,0.0,0.0,,,,,,,,,,
SM14_micro002,,,,,,,,,,,0.0,-0.025823449318737198,-0.02042246645468759,-0.01620294859214883,-0.012827334302117825,-0.010295623584594571,-0.008439035725077516,-0.006920009294563564,-0.005907325007554262,-0.00523220214954806,-0.004894640720544959,-0.004725860006043409,-0.004894640720544959,-0.00523220214954806,-0.005907325007554262,-0.006920009294563564,-0.008439035725077516,-0.010295623584594571,-0.012827334302117825,-0.01620294859214883,-0.02042246645468759,-0.025823449318737198,-0.03257467789879922,-0.04135127505287983,-0.09282939297585269,-0.11730259657857749,-0.147514344474355,-0.18515244380820073,-0.2310607981526224,-0.2869272146526356,-0.3541019390242526,-0.4339352169834859,-0.5274397328173448,-0.635459390098337,-0.7586693116844687,-0.8967319361467369,-1.0493097020561384,-1.2157274865546672,-1.3946350439263104,-1.5848509091695575,-1.7848560558538948,-1.9933002382633096,-2.208833210681789,-2.4304422888223245,-2.656777226968904,-2.8869941215490185,-3.120586630419164,-3.356542069292331,-3.594691657454019,-3.83436027204622,-4.075379132354435,-4.317410676949657,-4.560117344402887,,,,,,,,,,,,,,,,,,,,,,,,,,,,,,,,,,,,,,
SM14_micro003,,,,,,,,,,,,-3.6903903225763983,-3.9307340600266056,-4.172259262478324,-4.414628368502551,,,,,,,,,,,,,,,,,,,,,,,,,,,,,,,,,,,,,,,,,,,,,,,,,,,,,,,,,,,,,,,,,,,,,,,,,,,,,,,,,,,,,,
SM15_micro002,,,,,,,,,,,,,,,,,,,,,-4.482646996446675,-4.240109109707947,-3.998415126541728,-3.757902608377018,-3.51857155521382,-3.2810970899101384,-3.0458167738949773,-2.813236949311841,-2.584201519733237,-2.3592168273026703,-2.139464337021652,-1.9261255138916924,-1.7202130421998012,-1.52307716766199,-1.3364056974232754,-1.161380096485168,-0.9991818298491779,-0.8511611432313183,-0.6432233029654083,-0.5345285228264098,-0.44051766484904636,-0.3603468254608099,-0.2930033203746914,-0.23713690387467823,-0.19156611095925963,-0.15477191519792166,-0.1254040708746519,-0.10244989370244105,-0.08506548010878137,-0.07223814580666353,-0.06363032936708447,-0.058398127217536414,-0.05671032007252091,-0.058398127217536414,-0.06329276793808138,-0.07190058437766043,-0.08439035725077516,-0.10177477084443484,-0.1243913865876426,-0.15342166948190925,-0.18987830381424411,-0.23511153530065962,-0.2904716096571681,-0.35730877259978205,-0.43697326984451385,-0.5303090049638711,-0.638497442959365,-0.7617073645454966,-0.811160113894451,-0.9551300633642733,-1.1132775928522258,-1.2847587987858011,-1.4682234354489863,-1.6624900378402707,-1.8658707988146388,-2.0773530340850814,-2.295417717221085,-2.5188833832211373,-2.7469061285127316,-2.9784732688088584,-3.2130784619660138,-3.45004658512619,-3.688702515431383,-3.9290462528815904,-4.170402674618807,-4.412771780643033,,,,,,,,,,,,,,,
SM15_micro003,,,,,,,,,,,-0.001012684287009302,-0.0011814650015108522,-0.001519026430513953,-0.002025368574018604,-0.002531710717523255,-0.003375614290031007,-0.004219517862538758,-0.005400982864049611,-0.006920009294563564,-0.008945377868582167,-0.011308307871603872,-0.014515141447133329,-0.018565878595170535,-0.023629300030217047,-0.03004296718127596,-0.038313222191851924,-0.048777626490948044,-0.061942522222068974,-0.07848303224322091,-0.09924306012691159,-0.12523529016015034,-0.15747240662994644,-0.19730465525231233,-0.24591350102875884,-0.3048179703897999,-0.3755370897659495,-0.4590835434442169,-0.5568075771406146,-0.747698565241868,-0.8847485054171268,-1.0364823677540205,-1.2020562486800415,-1.3804574639081801,-1.5703357677224243,-1.7703409144067612,-1.979291438959681,-2.195668314950668,-2.418458858092715,-2.6466503840988107,-2.8795677701109503,-3.116535893271127,-3.3572171921503378,-3.60127410531958,-3.84853785206435,-4.099177213099153,-4.353360969138487,,,,,,,,,,,,,,,,,,,,,,,,,,,,,,,,,,,,,,,,,,,,,
SM15_micro004,,,,,,,,,,,,,,,,,,,,,,,,,,,,,,,,,,,,,,,,,,,,,,,,,,-4.363825373437584,-4.109472836683747,-3.858664694934444,-3.6112321674751713,-3.3670064735914274,-3.1263251747122167,-2.8891882708375385,-2.656102104110898,-2.4275730166757983,-2.2046136928192506,-1.9878992553992598,-1.778779950131839,-1.5782684613039972,-1.3878838153462485,-1.208976257974605,-1.0428960349050795,-0.890655830424681,-0.7530995481059175,-0.630564749377792,-0.5875256671798967,-0.48575089633546187,-0.39815370550915724,-0.32405897184297666,-0.26177888819190454,-0.2103007702689317,-0.16810559164354413,-0.1338431065997294,-0.10616306942147516,-0.08405279582177207,-0.06633082079910928,-0.052153240780979056,-0.04101371362387673,-0.03223711646979611,-0.02531710717523255,-0.019916124311182937,-0.01552782573414263,-0.012152211444111624,-0.00962050072658837,-0.007426351438068215,-0.005907325007554262,-0.00455707929154186,-0.0035443950045325567,,,,,,,,,,
SM16_micro002,,,,,,,,,,,-4.226100310404318,-3.9844063272380987,-3.7438938090733895,-3.5047315366246923,-3.2674258520355126,-3.0323143167348534,-2.7999032728662185,-2.5710366240021165,-2.3463894930005527,-2.1269745641485374,-1.9139733024475807,-1.7083983921846924,-1.5119376405048879,-1.3259412931241794,-1.151590815044078,-0.9902364519805958,-0.8430596689352439,-0.7105668080515268,-0.5930954307584478,-0.4904767563415053,-0.40220444265719446,-0.32743458613300763,-0.2646481603384309,-0.21266370027195342,-0.16996217950306117,-0.13536213303024336,-0.10734453442298601,-0.08489669939427981,-0.06700594365711549,-0.05282836363898526,-0.04152005576738138,-0.03257467789879922,-0.02565466860423565,-0.02008490502568449,-0.01569660644864418,-0.012320992158613174,-0.00962050072658837,-0.007595132152569764,0.0,0.0,0.0,0.0,0.0,-0.02042246645468759,-0.016709290735653484,-0.013840018589127128,-0.011983430729610074,-0.010633185013597671,-0.009958062155591469,-0.009789281441089918,-0.02109758931269379,-0.2585720546163751,-0.21148223527044255,-0.1740129166510984,-0.14515141447133328,-0.12388504444413795,-0.10920112228250305,-0.100593305842924,-0.09772403369639764,-0.100593305842924,-0.10903234156800153,-0.1237162637296364,-0.14498263375683174,-0.17384413593659684,-0.21131345455594103,-0.25840327390187356,-0.31646383969040687,-0.38667661692305183,-0.47056063203032233,-0.5686222271557231,-0.6817053058717617,-0.80997864889294,-1.7519438165260925,-1.9590377532194947,-2.173558041350965,-2.3941544352044914,-2.6198142504930644,-2.849524802929674,-3.082610969656315,-3.3182288471004795,-2.8910448586970556,,,,,,,,,,
SM16_micro004,,,,,,,,,,,-0.014683922161634878,-0.018734659309672087,-0.023966861459220147,-0.030549309324780612,-0.03881956433535658,-0.049452749348954245,-0.06278642579457672,-0.07949571653023021,-0.100593305842924,-0.12692309730516585,-0.15966655591846662,-0.1998363659698356,-0.2491203346042883,-0.3086999268233356,-0.3800941690574914,-0.46448452630826653,-0.5628836828626704,-0.6761355422932106,-0.8044088853143889,-0.9475349312117036,-1.1050073378416498,-1.275813420917219,-1.4587717154368995,-1.6525319756846792,-1.8555751752300442,-2.0665510683569823,-2.284278190063982,-2.5075750753495334,-2.7354290399266263,-2.9668273995082517,-3.201263811950905,-3.43806315439658,-3.676719084701772,-3.9170628221519803,-4.158419243889197,-4.400619569198922,,,,,,,,-3.979342905803052,-4.221205669683774,-4.464249898566006,,,,,,-1.512275201933891,-1.7107613221877143,-1.9190367238826274,-2.1359199420171198,-2.36022951158968,-2.5912903097423023,-2.8284272136169806,-3.0713026617847117,-3.3197478735309938,-3.5741004102848297,-3.83436027204622,-4.101371362387673,-4.375977584881695,,,,,,,,,,,,,,,,,,,,,,,,,,,
SM16_micro005,,,,,,,,,,,,,,,,,,,,,,,,,,,,,,,,,,,,,,,,,,,,,,,,,,,,,,,,,,,,,-4.558429537257871,,,,,-4.5288929122201,-4.268464269744208,-4.014280513704874,-3.7656665212440896,-3.522791073076359,-3.2856541692016803,-3.054593371049058,-2.8301150207619963,-2.613231802627504,-2.4049564009325906,-2.206301499964266,-2.0187861261530435,-1.8434229637859327,-1.6813934778644444,-1.5337103526755878,-1.401217491791871,-1.2837461144987918,-0.883567040415616,-0.8450850375092626,-0.8138606053264758,-0.7888810595802462,-0.7687961545545617,-0.7527619866769145,-0.7401034330892982,-0.7299765902192051,-0.057047881501524005,,,,,,,,,,
SM17_micro010,,,,,,,,,,,,-4.439439133534279,-4.197070027510052,-3.9555448250583334,-3.715201087608126,-3.4762075958739307,-3.2390706919992525,-3.004296718127596,-2.772223235687964,-2.543862928967367,-2.3197221401093078,-2.1009823341152982,-1.8888249759868496,-1.6844315307254722,-1.4891522440471785,-1.304337361667981,-1.1315059100183935,-0.9718393540999267,-0.8263503781995903,-0.6955453244608889,-0.5799305350273269,-0.47916844846990136,-0.3925839419306061,-0.31933311183693325,-0.25789693175836886,-0.20709393669340226,-0.16540510021151933,-0.13164895731120926,-0.10447526227645965,-0.08253376939125812,-0.06514935579759844,-0.0513093372084713,-0.040338590765870534,-0.03173077432629146,-0.024810765031727897,-0.019578562882179837,-0.01535904501964108,-0.011983430729610074,-0.009451720012086818,-0.007426351438068215,-0.0057385442930527105,-0.00455707929154186,-0.0035443950045325567,-0.0027004914320248054,-0.0021941492885201542,-0.0016878071450155034,-0.0013502457160124027,-0.001012684287009302,-0.0008439035725077517,-0.0006751228580062014,-0.000506342143504651,-0.0003375614290031007,-0.0003375614290031007,0.0,0.0,0.0,0.0,0.0,0.0,0.0,0.0,0.0,0.0,0.0,0.0,0.0,0.0,0.0,0.0,0.0,0.0,0.0,0.0,0.0,0.0,0.0,0.0,0.0,0.0,0.0,0.0,,,,,,,,,,
SM17_micro011,,,,,,,,,,,-0.009282939297585268,-0.011814650015108523,-0.015190264305139528,-0.01940978216767829,-0.024641984317226348,-0.03139321289728836,-0.04000102933686742,-0.05080299506496665,-0.06464301365409378,-0.08185864653325191,-0.10346257798945035,-0.1304674923096984,-0.1640548544955069,-0.2052373488338852,-0.25570278246984873,-0.3166326204049084,-0.3893771083550766,-0.4754552727508673,-0.5757110171647882,-0.690650683740344,-0.8207806146210392,-0.9657632483778711,-1.1247546814383313,-1.2970797909444143,-1.481557111894609,-1.676330056429398,-1.8805547209762739,-2.0923745176757196,-2.3109455429552272,-2.534748770384283,-2.762940296390379,-2.994844998115509,-3.2296189719871657,-3.4665870951473425,-3.7055805868815375,-3.945924324331745,-4.187449526783463,-4.42981863280769,,,,,,,,,,,,,,,,,,,,,,,,,,,,,,,,,,,,,,,,,,,,,,,,,,,,,
SM18_micro002,,,,,,,,,,,-2.336600211559463,-2.3276548336908807,-2.3205660436818154,-2.2878225850685148,-2.2852908743509914,-1.904184021006491,-1.90300255600498,-1.9021586524324723,-1.901483529574466,-1.9009771874309616,-1.9004708452874566,-1.9001332838584535,-1.899964503143952,-1.8997957224294504,-2.2753328121954,-2.2753328121954,-2.2753328121954,-2.2753328121954,-2.2753328121954,-2.2753328121954,-2.2753328121954,-2.2753328121954,-2.2753328121954,-2.2753328121954,-2.2753328121954,-2.2753328121954,-2.2753328121954,-2.5882522568812742,-2.274995250766397,-2.274995250766397,-2.694246545588248,-2.274995250766397,-2.694584107017251,-2.694752887731753,-2.6949216684462542,-2.695259229875257,-2.6955967913042604,-2.6959343527332633,-2.6966094755912695,-2.697284598449276,-2.698128502021784,-2.6993099670232943,-2.274995250766397,-2.274995250766397,-2.5998981261818814,-2.603104959757411,-2.2753328121954,-2.2753328121954,-2.6193079083495596,-2.627746944074637,-2.6385489098027364,-2.6522201476773617,-2.66943578055652,-2.6910397120127185,-2.7178758456184653,-2.751294427089772,-2.7345851363541187,-2.76631591068041,-2.8243764764689434,-2.8940829115580833,-2.9766166809493417,-2.854925785793724,-2.9815113216698865,-3.1229495604221857,-3.035352369595881,-3.180672564781716,-3.340339120700183,-3.5131705723497704,-3.6983230161579703,-3.893939864265268,-4.099008432384651,,,,,,,,,,,,,,,,,,,,
SM18_micro016,,,,,,,,,,,-0.14903337090486896,-0.14008799303628677,-0.13299920302722165,-0.12118455301211314,-0.11865284229458989,-0.16810559164354413,-0.1669241266420333,-0.16608022306952552,-0.16540510021151933,-0.16489875806801466,-0.16439241592451,-0.1640548544955069,-0.1638860737810054,-0.16371729306650382,-0.10869478013899841,-0.10869478013899841,-0.10869478013899841,-0.10869478013899841,-0.10869478013899841,-0.10869478013899841,-0.10869478013899841,-0.10869478013899841,-0.10869478013899841,-0.10869478013899841,-0.10869478013899841,-0.10869478013899841,-0.10869478013899841,-0.07865181295772246,-0.10852599942449685,-0.10852599942449685,-0.07038155794714648,-0.10852599942449685,-0.07055033866164803,-0.0707191193761496,-0.07105668080515269,-0.07122546151965424,-0.07156302294865734,-0.072069365092162,-0.07257570723566664,-0.07325083009367285,-0.07426351438068214,-0.075444979382193,-0.10852599942449685,-0.10852599942449685,-0.09029768225832943,-0.09350451583385888,-0.10869478013899841,-0.10869478013899841,-0.10970746442600772,-0.11814650015108524,-0.12894846587918443,-0.14261970375381003,-0.15983533663296817,-0.1814392680891666,-0.2082754016949131,-0.24169398316622007,-0.29350966251819605,-0.32540921755898905,-0.38346978334752235,-0.45317621843666267,-0.5355412071134192,-0.7809483659986733,-0.9075339018748361,-1.0489721406271353,-0.9404461412026385,-1.0859351171029747,-1.2456016730214414,-1.418433124671029,-1.603416787764728,-1.7992024165865266,-2.00427098470591,-1.8307644101983165,-2.0427529876122636,-2.262167916464279,-2.4881652931818548,-2.719732433477982,-2.9563629952091555,-3.1975506362318713,-3.4431265758316267,,,,,,,,,,,,
SM18_micro034,,,,,,,,,,,-4.0509059287517095,-4.287536490482883,-4.5261924207880755,,,,,,,,,,,,,,,,,,,,,,,,,,,,,,,,,,,,,,,,,,,,,,,,,,,,,,,,,,,,,,,,,,,,,,,,,,,,,,,,,,,,,,,,
SM18_micro049,,,,,,,,,,,,,,,,,,,,,,,,,,,,,,,,,,,,,,,,,,,,,,,,,,,,,,,,,,,,,,,,,,,,,,,,,,,,,,,,,,,,-4.485853830022204,-4.2203617661112665,-3.960439465778878,-3.7057493675960393,-3.4554475679902397,-3.2097028476759824,-2.454240369567043,-2.232124949283003,,,,,,,,,,
SM18_micro056,,,,,,,,,,,-3.8591710370779486,-4.095801598809121,-4.334457529114314,-4.559611002259381,,,,,,,,,,,,,,,,,,,,,,,,,,,,,,,,,,,,,,,,,,,,,,,,,,,,,,,,,,,,,,,,,,,,,,,,,,,,,,,,,,,,,,,
SM18_micro071,,,,,,,,,,,,,,,,,,,,,,,,,,,,,,,,,,,,,,,,,,,,,,,,,,,,,,,-4.444164993540322,-4.201627106801594,,,-3.4807646751654726,-3.2436277712907944,-3.008685016704636,-2.7766115342650046,-2.5480824468299055,-2.3239416579718464,-2.1052018519778373,-1.8928757131348868,-1.6646841871287907,-1.5391113355396375,-1.3514271810139133,-1.1753888957887966,-1.0121779448657973,-0.7264321952146726,-0.6072730107765781,-0.5029665292146199,-0.5809432193143362,-0.48068747490041536,-0.39460931050462467,-0.3218648225544565,-0.2611037653338984,-0.21114467384143945,-0.17046852164656584,-0.18684025095321624,-0.15308410805290615,-0.12692309730516585,-0.1070069729939829,-0.09299817369035424,-0.08388401510727052,-0.07932693581572865,-0.0791581551012271,-0.09856793726890539,-0.12219723729912245,,,,,,,,,,
SM19_micro002,,,,,,,,,,,-0.0,-0.0,-0.0,-0.0,-0.0,-0.0,-0.0,-0.0,-0.0,-0.0,-0.0,-0.0,-0.0,-0.0,-0.0,-0.0,-0.0,-0.0,-0.0,-0.0,-0.0,-0.0,-0.0,-0.0,,,,,,-0.11308307871603873,-0.11308307871603873,-0.11308307871603873,-0.11308307871603873,-0.11308307871603873,-0.11308307871603873,-0.11308307871603873,-0.11308307871603873,-0.11308307871603873,-0.11308307871603873,-0.11308307871603873,-0.11308307871603873,-0.11308307871603873,-0.11392698228854647,-0.11409576300304801,-0.11443332443205112,-0.11477088586105423,-0.11527722800455888,-0.11595235086256507,-0.11679625443507283,-0.11780893872208213,-0.11915918443809452,-0.12084699158311003,-0.12287236015712864,-0.12574163230365498,-0.129117246593686,-0.13367432588522787,-0.13924408946377903,-0.1465016601873457,-0.15544703805592786,-0.16709290735653484,-0.18160804880366815,-0.1998363659698356,-0.22262176242754486,-0.25114570317830687,-0.28658965322363245,-0.3299662968505309,-0.38279466048951616,-0.44659377057110217,-0.5225450920967998,-0.6119988707826215,-0.715799010201075,-0.8346206332101663,-0.9684637398098958,-1.1169907685712601,-1.279526596636253,-1.4548897590033638,-1.6418987906710816,-1.8393722266378956,-2.0454534790442884,-2.2591298636032513,-2.4790511345987714,,,,,,,,,,
SM19_micro007,,,,,,,,,,,,,,,,,,,,,,,,,,,,,,,,,,,0.0,0.0,0.0,0.0,0.0,-2.2358381250020374,-2.2358381250020374,-2.2358381250020374,-2.2358381250020374,-2.2358381250020374,-2.2358381250020374,-2.2358381250020374,-2.2358381250020374,-2.2358381250020374,-2.2358381250020374,-2.2358381250020374,-2.2358381250020374,-2.2358381250020374,-2.236682028574545,-2.2368508092890464,-2.2371883707180493,-2.237525932147053,-2.2380322742905574,-2.2387073971485636,-2.2395513007210712,-2.2405639850080803,-2.241914230724093,-2.2436020378691084,-2.245627406443127,-2.248327897875152,-2.2518722928796846,-2.2562605914567246,-2.2619991357497775,-2.2690879257588428,-2.2782020843419266,-2.289679172928032,-2.3043630950896667,-2.3225914122558344,-2.345376808713543,-2.3739007494643056,-2.4091759187951296,-2.4527213431365293,-2.5055497067755144,-2.569348816857101,-2.6453001383827983,-2.73475391706862,-2.8385540564870735,-2.957375679496165,-3.091218786095894,-3.2397458148572587,-3.40211286220775,-3.577644805289362,-3.7646538369570806,-3.9619584922093924,-4.168208525330287,-4.38188490988925,-4.60180618088477,,,,,,,,,,
SM19_micro012,,,,,,,,,,,,,,,,,,,,,,,,,,,,,,,,,,,,,,,,,,,,,,,,,,,,,,,,,,,,,,,,-4.379184418457225,-4.1369840931474995,-3.8957964521247845,-3.65579027610358,-3.417134345798388,-3.1805037840672146,-2.946404933053564,-2.71517535418644,-2.487827731752852,-2.264868407896304,-2.0478164090473103,-1.837346858063877,-1.634978781376518,-1.4422312054157476,-1.2602855951830765,-1.0906609771090183,-0.9343700354805826,-0.7924254545847788,-0.6655023572796129,-0.5536007435650852,-0.45638305201219204,-0.3731741597629278,-0.3029613825302828,-0.2443944745982449,-0.19595440953629992,-0.15645972234293717,-0.1243913865876426,-0.09856793726890539,,,,,,,,,,
SM20_micro003,,,,,,,,,,,0.0,0.0,0.0,0.0,0.0,0.0,0.0,0.0,0.0,0.0,0.0,0.0,0.0,0.0,0.0,0.0,0.0,0.0,-0.0003375614290031007,-0.000506342143504651,-0.000506342143504651,-0.0006751228580062014,-0.0008439035725077517,-0.0011814650015108522,-0.001519026430513953,-0.0018565878595170537,-0.0023629300030217045,-0.003038052861027906,-0.0038819564335356577,-0.00506342143504651,-0.006413667151058912,-0.008270255010575966,-0.010633185013597671,-0.013502457160124028,-0.017215632879158133,-0.02194149288520154,-0.028017598607257357,-0.03561273075982712,-0.04523323148641549,-0.05755422364502866,-0.07308204937917129,-0.09249183154684959,-0.11679625443507283,-0.14700800233085035,-0.18430854023569296,-0.23021689458011463,-0.28591453036562625,-0.35292047402274174,-0.4324161905529719,-0.5257519256723293,-0.6336028022388199,-0.756306381681447,-0.8942002254292137,-1.0466092106241136,-1.2126894336936391,-1.391428210350781,-1.5814752948795268,-1.781311660849362,-1.9895870625442753,-2.205120034962755,-2.426560332388789,-2.652726489820867,-2.8829433844009813,-3.116535893271127,-3.352491332144294,-3.5904721395914803,-3.8301407541836814,-4.071159614491895,-4.313191159087118,-4.555897826540348,,,,,,,,,,,,,,,,,,,,,
SM20_micro004,,,,,,,,,,,,,,,,,,,,,,,,,,,,,,,,,,,,,,,,,,,-4.556235387969351,-4.313528720516121,-4.071497175920899,-3.8304783156126847,-3.590809701020483,-3.3528288935732973,-3.11687345470013,-2.883280945829984,-2.6530640512498698,-2.426897893817792,-2.205457596391758,-1.9899246239732784,-1.7816492222783655,-1.5818128563085299,-1.391765771779784,-1.2130269951226422,-1.046777991338615,-0.8943690061437153,-0.7564751623959486,-0.6337715829533215,-0.5257519256723293,-0.4325849712674735,-0.35292047402274174,-0.28591453036562625,-0.23021689458011463,-0.1844773209501945,-0.14700800233085035,-0.11679625443507283,-0.09249183154684959,-0.07308204937917129,-0.05755422364502866,-0.04540201220091704,-0.03561273075982712,-0.028017598607257357,-0.02194149288520154,-0.017215632879158133,-0.013502457160124028,-0.010633185013597671,-0.008270255010575966,-0.006413667151058912,-0.00506342143504651,-0.0038819564335356577,-0.003038052861027906,-0.0023629300030217045,-0.0018565878595170537,-0.001519026430513953,-0.0011814650015108522,-0.0008439035725077517,-0.0006751228580062014,,,,,,,,,,
SM21_micro001,,,,,,,,,,,-0.11612113157706663,-0.1434636073263178,-0.17738853094112939,-0.21907736742301231,-0.2700491432024805,-0.33148532328104485,-0.397478582651151,-0.4849069927629541,-0.5865129828928873,-0.7029716758989571,-0.8346206332101663,-0.9809535126830106,-1.141463972173985,-1.31513932739608,-1.5004605519187824,-1.6964149614550825,-1.9013147488599647,-2.113978449131918,-2.33305581655493,-2.5573653861274908,-2.7860632542770913,-3.0183055174312248,-3.2532482720173825,-3.490553956606562,-3.729547448340758,-3.9700599665054668,-4.2115851689571855,-4.454123055695913,,,,,,,,,,,,,,,,,,,,,,,,,,,,,,,,,,,,,,,,,,,,,,,,,,,,,,,,,,,,,,,
SM21_micro012,,,,,,,,,,,,,,,,,,,,,,,,,,,,,,,,,,,,,,,,,,,,,,,,,,,,,,,,,,,,,,,,,,,,,,,,,,,,,,,,,,,,,,,,,,-4.376146365596197,-4.133946040286473,,,,,,,,,,
SM21_micro020,,,,,,,,,,,-2.307907490094199,-2.089505245529193,-1.8776854488297474,-1.6736295649973731,-1.478856620462584,-1.2947168609413926,-1.1149653999972415,-0.9566490897947872,-0.8125103596104633,-0.6833931130167773,-0.5692973500137293,-0.4698855091723161,-0.3846512483490332,-0.3125818832568712,-0.2523271681798177,-0.2025368574018604,-0.1616919244924852,-0.12861090445018136,-0.10211233227343795,-0.08067718153174107,-0.06363032936708447,-0.05012787220696045,-0.03949468719336278,-0.03088687075378371,-0.024304422888223248,-0.019072220738675188,-0.01485270287613643,-0.011645869300606973,-0.00911415858308372,0.0,0.0,0.0,0.0,0.0,0.0,0.0,0.0,0.0,0.0,0.0,0.0,0.0,0.0,0.0,0.0,0.0,0.0,0.0,0.0,0.0,0.0,0.0,0.0,0.0,0.0,0.0,0.0,0.0,0.0,0.0,0.0,0.0,0.0,0.0,-0.0003375614290031007,-0.0003375614290031007,-0.000506342143504651,-0.0006751228580062014,-0.0008439035725077517,-0.001012684287009302,-0.0013502457160124027,-0.0018565878595170537,-0.0021941492885201542,-0.0028692721465263553,-0.0037131757190341074,-0.004725860006043409,-0.006076105722055812,-0.007763912867071315,-0.009958062155591469,-0.012658553587616275,-0.01620294859214883,,,,,,,,,,
SM21_micro024,,,,,,,,,,,-4.587966162295643,,,,,,,,,,,,,,,,,,,,,,,,,,,,,,,,,,,,,,,,,,,,,,,,,,,,,,,,,,,,,,,,,,,,,,,,,,,,,,,,,,,,,,,,,,
SM22_micro001,,,,,,,,,,,-0.83175136106364,-0.700777526610437,-0.5849939564623735,-0.4840630891904463,-0.3973098019366495,-0.7163053523445796,-0.6005217821965161,-0.49959091492458896,-0.1702997409320643,-0.13688115946075732,-0.1100450258550108,-0.08894743654231702,-0.0724069265211651,-0.059748372933548816,-0.05046543363596355,-0.04371420505590153,-0.03949468719336278,-0.03763809933384572,-0.03763809933384572,-0.039832248622365875,-0.04422054719940619,-0.0509717757794682,-0.06059227650605657,-0.07341961080817438,-0.09012890154382788,-0.11173283300002632,-0.1389065280347759,-0.17283145164958755,-0.21485784956047357,-0.2661671867689449,-0.3284472704200169,-0.1669241266420333,-0.20878174383841777,-0.2599223003323875,-0.3218648225544565,-0.39562199479163396,-0.4827128434744339,-0.5841500528898658,-0.7002711844669323,-0.8315825803491386,-0.9775778983929796,-1.137750796454951,-1.3110885902480431,-1.4964098147707454,-1.692026662878042,-1.8967576695684225,-2.1092525891258744,-2.328161175834385,-2.5524707454069455,-2.7809998328420447,-3.013073315281676,-3.248016069867835,-3.485321754457014,-3.7243152461912095,-3.9646589836414177,-4.206184186093136,-4.448722072831864,,,,,,,,,,,,,,,,,,,,,,,,,,,,,,,,,,
SM22_micro002,,,,,,,,,,,-0.5736856485907695,-0.6884565344518238,-0.818248903903516,-0.9628939762313447,-1.121885409291805,-0.6889628765953285,-0.8189240267615222,-0.9635690990893507,-1.8776854488297474,-2.0900115876726977,-2.3089201743812087,-2.533567305382772,-2.7627715156758774,-2.9956889016880166,-3.232150682704689,-3.471144174438884,-3.7126693768906027,-3.9563887286308415,-4.202133448945099,-4.4500723185478765,,,,,,,,,,,,,,,,,,,,,,,,,,,,,,,,,,,,,,,,,,,,,,,,,,,,,,,,,,,,,,,,,,,,,,,
SM22_micro003,,,,,,,,,,,,,,,,,-4.553366115822825,-4.452435248550898,,,,,,,,,,,,,,,,,,,,,,,,,,,,,,,,,,,,,,,,,,,,,,,,,,,,,,,,,,,,,,,,,,,,,,,,,,,,,,,,,,,
SM22_micro004,,,,,,,,,,,,,,,,,,,,,,,,,,,-4.43302546638322,-4.185424158209445,-3.939679437895188,-3.696128866869451,-3.4547724451322335,-3.21594773411254,-2.9798235145248713,-2.747074909227233,-2.518039479648629,-2.2938986907905705,-2.075327665511063,-1.8636766495261188,-1.6599583271227476,-1.4655229440169615,-1.2820583073537763,-1.8726220273947007,-1.6687349242768281,-1.4742995411710422,-1.2903285623643521,-1.118509795001774,-0.9598559233703167,-0.8155484124714912,-0.6860936044488021,-0.571660280016751,-0.4719108777463348,-0.3865078362085503,-0.31410090968738513,-0.2535086331813286,-0.20354954168886968,-0.16253582806499298,-0.12928602730818756,-0.1026186744169426,-0.08101474296074417,-0.06396789079608758,-0.05046543363596355,-0.039663467907864326,-0.03105565146828526,-0.0244732036027248,-0.019072220738675188,-0.01502148359063798,-0.011814650015108523,-0.009282939297585268,-0.0072575707235666646,-0.005569763578551161,-0.0043882985770403084,-0.003375614290031007,-0.0027004914320248054,-0.0021941492885201542,-0.0016878071450155034,-0.0013502457160124027,-0.001012684287009302,-0.0008439035725077517,-0.0006751228580062014,-0.000506342143504651,-0.0003375614290031007,0.0,0.0,0.0,0.0,0.0,0.0,0.0,0.0,0.0,0.0,,,,,,,,,,
SM23_micro007,,,,,,,,,,,-0.012320992158613174,-0.012827334302117825,-0.012827334302117825,-0.012827334302117825,-0.012827334302117825,-0.012827334302117825,-0.012827334302117825,-0.012827334302117825,-0.012827334302117825,-0.012827334302117825,-0.012827334302117825,-0.012827334302117825,-0.012827334302117825,-0.012827334302117825,-0.021266370027195343,-0.023629300030217047,-0.026667352891244955,-0.030549309324780612,-0.035275169330824016,-0.04152005576738138,-0.049283968634452696,-0.05924203079004416,-0.0717318036631589,-0.08742841011180306,-0.10734453442298601,-0.1321552994547139,-0.16287338949399607,-0.20101783097134643,-0.24760130817377432,-0.3041428475317937,-0.3721614754759185,-0.4530074377221611,-0.5399295056904595,-0.6499745315454704,-0.7748722602766176,-0.9147914725984029,-1.0692258263673213,-1.237162637296364,-1.4175892210985213,-1.6089865513432793,-1.8101731630291273,-2.0196300297255516,-2.236006905716539,-2.458122326000579,-2.6849636062906628,-2.915686843014282,-3.149448132598929,-3.3859099136156012,-3.6242282824917904,-3.8640656777984934,-4.105084538106707,-4.347284863416432,-4.590160311584162,,,,,,,,,,,,,,,,,,,,,,,,,,,,,,,,,,,,,,
SM23_micro012,,,,,,,,,,,,,,,,,,,,,,,,,,-4.534800237227654,-4.292093569774425,-4.050230805893704,-3.8093807262999912,-3.5697121117077897,-3.331900084975105,-3.0961134268164394,-2.8628584793752965,-2.6329791462241854,-2.4071505502211106,-2.1862165949385814,-1.9711899646636062,-1.7635896858266993,-1.5645972234293717,-1.3755628231876351,-1.1978367308175026,-1.0327691920349864,-0.8741153204035292,-0.7384156259442827,-0.6175686343611727,-0.5119119070832022,-0.42043275982336187,-0.3427936311526487,-0.2774754946405487,-0.22329688528555108,-0.1787387766571418,-0.14245092303930848,-0.11308307871603873,-0.08945377868582167,-0.0707191193761496,-0.05569763578551161,-0.04388298577040308,-0.034431265758316267,-0.027004914320248055,-0.021266370027195343,-0.016709290735653484,-0.012996115016619375,-0.01012684287009302,-0.007932693581572866,0.0,0.0,0.0,0.0,0.0,0.0,0.0,0.0,0.0,0.0,0.0,0.0,0.0,0.0,0.0,0.0,0.0,0.0,0.0,0.0,0.0,0.0,0.0,0.0,0.0,0.0,-0.003206833575529456,,,,,,,,,,
SM23_micro025,,,,,,,,,,,,-4.35690536414302,-4.35690536414302,-4.35690536414302,-4.35690536414302,-4.35690536414302,-4.35690536414302,-4.35690536414302,-4.35690536414302,-4.35690536414302,-4.35690536414302,-4.35690536414302,-4.35690536414302,-4.35690536414302,-4.365344399868097,-4.36770732987112,-4.370745382732148,-4.374458558451182,-4.379353199171726,-4.385598085608284,-4.393361998475355,-4.403320060630947,-4.415809833504061,-4.431506439952705,-4.451422564263888,-4.476064548581115,-4.506951419334898,-4.5449270800977475,-4.591679338014677,,,,,,,,,,,,,,,,,,,,,,,,,,,,,,,,,,,,,,,,,,,,,,,,,,,,,,,,,,,,,,
SM24_micro006,,,,,,,,,,,,-4.380703444887739,-4.138503119578014,-3.8973154785552984,-3.6571405218195925,-3.418653372228902,-3.1820228104977284,-2.9477551787695764,-2.716694380616954,-2.4891779774688643,-2.266218653612316,-2.048997874048821,-1.8386971037798892,-1.6363290270925306,-1.4434126704172583,-1.2612982794700855,-1.0916736613960276,-0.9352139390530905,-0.7932693581572865,-0.6661774801376191,-0.5542758664230913,-0.4570581748701983,-0.3736805019064325,-0.3032989439592859,-0.24473203602724797,-0.19629197096530304,-0.1566285030574387,-0.12456016730214416,-0.09873671798340695,-0.07797669009971625,-0.06160496079306587,-0.04844006506194495,-0.038144441477350376,-0.029874186466774408,-0.023460519315715495,-0.018397097880668987,-0.014346360732631779,-0.011308307871603872,-0.008776597154080617,-0.006920009294563564,-0.005400982864049611,-0.004219517862538758,-0.003375614290031007,-0.0023629300030217045,-0.0018565878595170537,-0.0013502457160124027,-0.0011814650015108522,-0.0008439035725077517,0.0,0.0,0.0,0.0,0.0,0.0,0.0,0.0,0.0,0.0,0.0,0.0,0.0,0.0,0.0,0.0,0.0,0.0,0.0,0.0,0.0,0.0,0.0,-0.0003375614290031007,-0.0003375614290031007,-0.000506342143504651,-0.0006751228580062014,-0.0008439035725077517,-0.0011814650015108522,-0.0013502457160124027,-0.0018565878595170537,-0.0023629300030217045,-0.0028692721465263553,,,,,,,,,,
SM24_micro010,,,,,,,,,,,-0.1308050537387015,-0.13367432588522787,-0.13704994017525887,-0.1414382387522992,-0.1471767830453519,-0.154265573054417,-0.16337973163750072,-0.17485682022360613,-0.18937196167073947,-0.2076002788369069,-0.23055445600911775,-0.2589096160453782,-0.29418478537620224,-0.33756142900310065,-0.3903897926420859,-0.4540201220091704,-0.529971443534868,-0.6194252222206897,-0.7230565809246416,-0.8417094232192315,-0.9755525298189608,-1.1239107778658237,-1.2862778252163152,-1.4616409875834258,-1.6486500192511437,-1.8459546745034559,-2.052035926909849,-2.265712311468812,-2.4856335824643314,-2.7106182748948986,-2.9398224851880035,-3.17240230977114,-3.4078514065008028,-3.6453258718044843,-3.8846569249676826,-4.125169443132392,-4.366863426298612,,,,,,,,,,,,,,,,,,,,,,,,,,,,,,,,,,,,,,,,,,,,,,,,,,,,,,
SM24_micro011,,,,,,,,,,,-2.1816595156470395,-2.1843600070790643,-2.187904402083597,-2.192292700660637,-2.1978624642391886,-2.205120034962755,-2.2142341935458387,-2.225711282131944,-2.2402264235790774,-2.258454740745245,-2.2812401372029543,-2.3097640779537163,-2.3450392472845403,-2.388247110196937,-2.441075473835922,-2.5048745839175086,-2.580825905443206,-2.6701109034145265,-2.7739110428329794,-2.8925638851275695,-3.026238211012797,-3.1745964590596603,-3.3371322871246534,-3.512495449491764,-3.6995044811594817,-3.8968091364117945,-4.102890388818187,-4.316397992662648,-4.536319263658168,,,,,,,,,,,,,,,,,,,,,,,,,,,,,,,,,,,,,,,,,,,,,,,,,,,,,,,,,,,,,,
